STK-647	128
STK-700	129
STK-767	130
STK-1021	131
STK-1029	132
STK-753	133
STK-535	134
STK-301	135
STK-133	136
STK-56	137
STK-1	138
STK-2	139
STK-3	140
STK-4	141
STK-5	142
STK-6	143
STK-7	144
STK-8	145
STK-9	146
STK-10	147
STK-11	148
STK-12	149
STK-13	150
STK-14	151
STK-15	152
STK-16	153
STK-17	154
STK-18	155
STK-19	156
STK-20	157
STK-21	158
STK-22	159
STK-23	160
STK-24	161
STK-25	162
STK-26	163
STK-27	164
STK-28	165
STK-29	166
STK-30	167
STK-31	168
STK-32	169
STK-33	170
STK-34	171
STK-35	172
STK-36	173
STK-37	174
STK-38	175
STK-39	176
STK-40	177
STK-41	178
STK-42	179
STK-43	180
STK-44	181
STK-45	182
STK-46	183
STK-47	184
STK-48	185
STK-49	186
STK-50	187
STK-51	188
STK-52	189
STK-53	190
STK-54	191
STK-55	192
STK-57	193
STK-58	194
STK-59	195
STK-60	196
STK-61	197
STK-62	198
STK-63	199
STK-64	200
STK-65	201
STK-66	202
STK-67	203
STK-68	204
STK-69	205
STK-70	206
STK-71	207
STK-72	208
STK-73	209
STK-74	210
STK-75	211
STK-76	212
STK-77	213
STK-78	214
STK-79	215
STK-80	216
STK-81	217
STK-82	218
STK-83	219
STK-84	220
STK-85	221
STK-86	222
STK-87	223
STK-88	224
STK-89	225
STK-90	226
STK-91	227
STK-92	228
STK-93	229
STK-94	230
STK-95	231
STK-96	232
STK-97	233
STK-98	234
STK-99	235
STK-100	236
STK-101	237
STK-102	238
STK-103	239
STK-104	240
STK-105	241
STK-106	242
STK-107	243
STK-108	244
STK-109	245
STK-110	246
STK-111	247
STK-112	248
STK-113	249
STK-114	250
STK-115	251
STK-116	252
STK-117	253
STK-118	254
STK-119	255
STK-120	256
STK-121	257
STK-122	258
STK-123	259
STK-124	260
STK-125	261
STK-126	262
STK-127	263
STK-128	264
STK-129	265
STK-130	266
STK-131	267
STK-132	268
STK-134	269
STK-135	270
STK-136	271
STK-137	272
STK-138	273
STK-139	274
STK-140	275
STK-141	276
STK-142	277
STK-143	278
STK-144	279
STK-145	280
STK-146	281
STK-147	282
STK-148	283
STK-149	284
STK-150	285
STK-151	286
STK-152	287
STK-153	288
STK-154	289
STK-155	290
STK-156	291
STK-157	292
STK-158	293
STK-159	294
STK-160	295
STK-161	296
STK-162	297
STK-163	298
STK-164	299
STK-165	300
STK-166	301
STK-167	302
STK-168	303
STK-169	304
STK-170	305
STK-171	306
STK-172	307
STK-173	308
STK-174	309
STK-175	310
STK-176	311
STK-177	312
STK-178	313
STK-179	314
STK-180	315
STK-181	316
STK-182	317
STK-183	318
STK-184	319
STK-185	320
STK-186	321
STK-187	322
STK-188	323
STK-189	324
STK-190	325
STK-191	326
STK-192	327
STK-193	328
STK-194	329
STK-195	330
STK-196	331
STK-197	332
STK-198	333
STK-199	334
STK-200	335
STK-201	336
STK-202	337
STK-203	338
STK-204	339
STK-205	340
STK-206	341
STK-207	342
STK-208	343
STK-209	344
STK-210	345
STK-211	346
STK-212	347
STK-213	348
STK-214	349
STK-215	350
STK-216	351
STK-217	352
STK-218	353
STK-219	354
STK-220	355
STK-221	356
STK-222	357
STK-223	358
STK-224	359
STK-225	360
STK-226	361
STK-227	362
STK-228	363
STK-229	364
STK-230	365
STK-231	366
STK-232	367
STK-233	368
STK-234	369
STK-235	370
STK-236	371
STK-237	372
STK-238	373
STK-239	374
STK-240	375
STK-241	376
STK-242	377
STK-243	378
STK-244	379
STK-245	380
STK-246	381
STK-247	382
STK-248	383
STK-249	384
STK-250	385
STK-251	386
STK-252	387
STK-253	388
STK-254	389
STK-255	390
STK-256	391
STK-257	392
STK-258	393
STK-259	394
STK-260	395
STK-261	396
STK-262	397
STK-263	398
STK-264	399
STK-265	400
STK-266	401
STK-267	402
STK-268	403
STK-269	404
STK-270	405
STK-271	406
STK-272	407
STK-273	408
STK-274	409
STK-275	410
STK-276	411
STK-277	412
STK-278	413
STK-279	414
STK-280	415
STK-281	416
STK-282	417
STK-283	418
STK-284	419
STK-285	420
STK-286	421
STK-287	422
STK-288	423
STK-289	424
STK-290	425
STK-291	426
STK-292	427
STK-293	428
STK-294	429
STK-295	430
STK-296	431
STK-297	432
STK-298	433
STK-299	434
STK-300	435
STK-302	436
STK-303	437
STK-304	438
STK-305	439
STK-306	440
STK-307	441
STK-308	442
STK-309	443
STK-310	444
STK-311	445
STK-312	446
STK-313	447
STK-314	448
STK-315	449
STK-316	450
STK-317	451
STK-318	452
STK-319	453
STK-320	454
STK-321	455
STK-322	456
STK-323	457
STK-324	458
STK-325	459
STK-326	460
STK-327	461
STK-328	462
STK-329	463
STK-330	464
STK-331	465
STK-332	466
STK-333	467
STK-334	468
STK-335	469
STK-336	470
STK-337	471
STK-338	472
STK-339	473
STK-340	474
STK-341	475
STK-342	476
STK-343	477
STK-344	478
STK-345	479
STK-346	480
STK-347	481
STK-348	482
STK-349	483
STK-350	484
STK-351	485
STK-352	486
STK-353	487
STK-354	488
STK-355	489
STK-356	490
STK-357	491
STK-358	492
STK-359	493
STK-360	494
STK-361	495
STK-362	496
STK-363	497
STK-364	498
STK-365	499
STK-366	500
STK-367	501
STK-368	502
STK-369	503
STK-370	504
STK-371	505
STK-372	506
STK-373	507
STK-374	508
STK-375	509
STK-376	510
STK-377	511
STK-378	512
STK-379	513
STK-380	514
STK-381	515
STK-382	516
STK-383	517
STK-384	518
STK-385	519
STK-386	520
STK-387	521
STK-388	522
STK-389	523
STK-390	524
STK-391	525
STK-392	526
STK-393	527
STK-394	528
STK-395	529
STK-396	530
STK-397	531
STK-398	532
STK-399	533
STK-400	534
STK-401	535
STK-402	536
STK-403	537
STK-404	538
STK-405	539
STK-406	540
STK-407	541
STK-408	542
STK-409	543
STK-410	544
STK-411	545
STK-412	546
STK-413	547
STK-414	548
STK-415	549
STK-416	550
STK-417	551
STK-418	552
STK-419	553
STK-420	554
STK-421	555
STK-422	556
STK-423	557
STK-424	558
STK-425	559
STK-426	560
STK-427	561
STK-428	562
STK-429	563
STK-430	564
STK-431	565
STK-432	566
STK-433	567
STK-434	568
STK-435	569
STK-436	570
STK-437	571
STK-438	572
STK-439	573
STK-440	574
STK-441	575
STK-442	576
STK-443	577
STK-444	578
STK-445	579
STK-446	580
STK-447	581
STK-448	582
STK-449	583
STK-450	584
STK-451	585
STK-452	586
STK-453	587
STK-454	588
STK-455	589
STK-456	590
STK-457	591
STK-458	592
STK-459	593
STK-460	594
STK-461	595
STK-462	596
STK-463	597
STK-464	598
STK-465	599
STK-466	600
STK-467	601
STK-468	602
STK-469	603
STK-470	604
STK-471	605
STK-472	606
STK-473	607
STK-474	608
STK-475	609
STK-476	610
STK-477	611
STK-478	612
STK-479	613
STK-480	614
STK-481	615
STK-482	616
STK-483	617
STK-484	618
STK-485	619
STK-486	620
STK-487	621
STK-488	622
STK-489	623
STK-490	624
STK-491	625
STK-492	626
STK-493	627
STK-494	628
STK-495	629
STK-496	630
STK-497	631
STK-498	632
STK-499	633
STK-500	634
STK-501	635
STK-502	636
STK-503	637
STK-504	638
STK-505	640
STK-506	642
STK-507	644
STK-508	645
STK-509	646
STK-510	647
STK-511	648
STK-512	649
STK-513	650
STK-514	651
STK-515	652
STK-516	653
STK-517	654
STK-518	655
STK-519	656
STK-520	657
STK-521	658
STK-522	659
STK-523	660
STK-524	661
STK-525	662
STK-526	663
STK-527	664
STK-528	665
STK-529	666
STK-530	667
STK-531	668
STK-532	669
STK-533	670
STK-534	671
STK-536	672
STK-537	673
STK-538	674
STK-539	675
STK-540	676
STK-541	677
STK-542	678
STK-543	679
STK-544	680
STK-545	681
STK-546	682
STK-547	683
STK-548	684
STK-549	685
STK-550	686
STK-551	687
STK-552	688
STK-553	689
STK-554	690
STK-555	691
STK-556	692
STK-557	693
STK-558	694
STK-559	695
STK-560	696
STK-561	697
STK-562	698
STK-563	699
STK-564	700
STK-565	701
STK-566	702
STK-567	703
STK-568	704
STK-569	705
STK-570	706
STK-571	707
STK-572	708
STK-573	709
STK-574	710
STK-575	711
STK-576	712
STK-577	713
STK-578	714
STK-579	715
STK-580	716
STK-581	717
STK-582	718
STK-583	719
STK-584	720
STK-585	721
STK-586	722
STK-587	723
STK-588	724
STK-589	725
STK-590	726
STK-591	727
STK-592	728
STK-593	729
STK-594	730
STK-595	731
STK-596	732
STK-597	733
STK-598	734
STK-599	735
STK-600	736
STK-601	737
STK-602	738
STK-603	739
STK-604	740
STK-605	741
STK-606	742
STK-607	743
STK-608	744
STK-609	745
STK-610	746
STK-611	747
STK-612	748
STK-613	749
STK-614	750
STK-615	751
STK-616	752
STK-617	753
STK-618	754
STK-619	755
STK-620	756
STK-621	757
STK-622	758
STK-623	759
STK-624	760
STK-625	761
STK-626	762
STK-627	763
STK-628	764
STK-629	765
STK-630	766
STK-631	767
STK-632	768
STK-633	769
STK-634	770
STK-635	771
STK-636	772
STK-637	773
STK-638	774
STK-639	775
STK-640	776
STK-641	777
STK-642	778
STK-643	779
STK-644	780
STK-645	781
STK-646	782
STK-648	783
STK-649	784
STK-650	785
STK-651	786
STK-652	787
STK-653	788
STK-654	789
STK-655	790
STK-656	791
STK-657	792
STK-658	793
STK-659	794
STK-660	795
STK-661	796
STK-662	797
STK-663	798
STK-664	799
STK-665	800
STK-666	801
STK-667	802
STK-668	803
STK-669	804
STK-670	805
STK-671	806
STK-672	807
STK-673	808
STK-674	809
STK-675	810
STK-676	811
STK-677	812
STK-678	813
STK-679	814
STK-680	815
STK-681	816
STK-682	817
STK-683	818
STK-684	819
STK-685	820
STK-686	821
STK-687	822
STK-688	823
STK-689	824
STK-690	825
STK-691	826
STK-692	827
STK-693	828
STK-694	829
STK-695	830
STK-696	831
STK-697	832
STK-698	833
STK-699	834
STK-701	835
STK-702	836
STK-703	837
STK-704	838
STK-705	839
STK-706	840
STK-707	841
STK-708	842
STK-709	843
STK-710	844
STK-711	845
STK-712	846
STK-713	847
STK-714	848
STK-715	849
STK-716	850
STK-717	851
STK-718	852
STK-719	853
STK-720	854
STK-721	855
STK-722	856
STK-723	857
STK-724	858
STK-725	859
STK-726	860
STK-727	861
STK-728	862
STK-729	863
STK-730	864
STK-731	865
STK-732	866
STK-733	867
STK-734	868
STK-735	869
STK-736	870
STK-737	871
STK-738	872
STK-739	873
STK-740	874
STK-741	875
STK-742	876
STK-743	877
STK-744	878
STK-745	879
STK-746	880
STK-747	881
STK-748	882
STK-749	883
STK-750	884
STK-751	885
STK-752	886
STK-754	887
STK-755	888
STK-756	889
STK-757	890
STK-758	891
STK-759	892
STK-760	893
STK-761	894
STK-762	895
STK-763	896
STK-764	897
STK-765	898
STK-766	899
STK-768	900
STK-769	901
STK-770	902
STK-771	903
STK-772	904
STK-773	905
STK-774	906
STK-775	907
STK-776	908
STK-777	909
STK-778	910
STK-779	911
STK-780	912
STK-781	913
STK-782	914
STK-783	915
STK-784	916
STK-785	917
STK-786	918
STK-787	919
STK-788	920
STK-789	921
STK-790	922
STK-791	923
STK-792	924
STK-793	925
STK-794	926
STK-795	927
STK-796	928
STK-797	929
STK-798	930
STK-799	931
STK-800	932
STK-801	933
STK-802	934
STK-803	935
STK-804	936
STK-805	937
STK-806	938
STK-807	939
STK-808	940
STK-809	941
STK-810	942
STK-811	943
STK-812	944
STK-813	945
STK-814	946
STK-815	947
STK-816	948
STK-817	949
STK-818	950
STK-819	951
STK-820	952
STK-821	953
STK-822	954
STK-823	955
STK-824	956
STK-825	957
STK-826	958
STK-827	959
STK-828	960
STK-829	961
STK-830	962
STK-831	963
STK-832	964
STK-833	965
STK-834	966
STK-835	967
STK-836	968
STK-837	969
STK-838	970
STK-839	971
STK-840	972
STK-841	973
STK-842	974
STK-843	975
STK-844	976
STK-845	977
STK-846	978
STK-847	979
STK-848	980
STK-849	981
STK-850	982
STK-851	983
STK-852	984
STK-853	985
STK-854	986
STK-855	987
STK-856	988
STK-857	989
STK-858	990
STK-859	991
STK-860	992
STK-861	993
STK-862	994
STK-863	995
STK-864	996
STK-865	997
STK-866	998
STK-867	999
STK-868	1000
STK-869	1001
STK-870	1002
STK-871	1003
STK-872	1004
STK-873	1005
STK-874	1006
STK-875	1007
STK-876	1008
STK-877	1009
STK-878	1010
STK-879	1011
STK-880	1012
STK-881	1013
STK-882	1014
STK-883	1015
STK-884	1016
STK-885	1017
STK-886	1018
STK-887	1019
STK-888	1020
STK-889	1021
STK-890	1022
STK-891	1023
STK-892	1024
STK-893	1025
STK-894	1026
STK-895	1027
STK-896	1028
STK-897	1029
STK-898	1030
STK-899	1031
STK-900	1032
STK-901	1033
STK-902	1034
STK-903	1035
STK-904	1036
STK-905	1037
STK-906	1038
STK-907	1039
STK-908	1040
STK-909	1041
STK-910	1042
STK-911	1043
STK-912	1044
STK-913	1045
STK-914	1046
STK-915	1047
STK-916	1048
STK-917	1049
STK-918	1050
STK-919	1051
STK-920	1052
STK-921	1053
STK-922	1054
STK-923	1055
STK-924	1056
STK-925	1057
STK-926	1058
STK-927	1059
STK-928	1060
STK-929	1061
STK-930	1062
STK-931	1063
STK-932	1064
STK-933	1065
STK-934	1066
STK-935	1067
STK-936	1068
STK-937	1069
STK-938	1070
STK-939	1071
STK-940	1072
STK-941	1073
STK-942	1074
STK-943	1075
STK-944	1076
STK-945	1077
STK-946	1078
STK-947	1079
STK-948	1080
STK-949	1081
STK-950	1082
STK-951	1083
STK-952	1084
STK-953	1085
STK-954	1086
STK-955	1087
STK-956	1088
STK-957	1089
STK-958	1090
STK-959	1091
STK-960	1092
STK-961	1093
STK-962	1094
STK-963	1095
STK-964	1096
STK-965	1097
STK-966	1098
STK-967	1099
STK-968	1100
STK-969	1101
STK-970	1102
STK-971	1103
STK-972	1104
STK-973	1105
STK-974	1106
STK-975	1107
STK-976	1108
STK-977	1109
STK-978	1110
STK-979	1111
STK-980	1112
STK-981	1113
STK-982	1114
STK-983	1115
STK-984	1116
STK-985	1117
STK-986	1118
STK-987	1119
STK-988	1120
STK-989	1121
STK-990	1122
STK-991	1123
STK-992	1124
STK-993	1125
STK-994	1126
STK-995	1127
STK-996	1128
STK-997	1129
STK-998	1130
STK-999	1131
STK-1000	1132
STK-1001	1133
STK-1002	1134
STK-1003	1135
STK-1004	1136
STK-1005	1137
STK-1006	1138
STK-1007	1139
STK-1008	1140
STK-1009	1141
STK-1010	1142
STK-1011	1143
STK-1012	1144
STK-1013	1145
STK-1014	1146
STK-1015	1147
STK-1016	1148
STK-1022	1149
STK-1023	1150
STK-1024	1151
STK-1025	1152
STK-1026	1153
STK-1027	1154
STK-1028	1155
